Chemical,Type,Total Underground
Trichloroethane,TRI,1
Tetrachloroethane,TRI,3
Trichlorobenzene,TRI,23613
Trimethylbenzene,TRI,151094
Dichlorobenzene,TRI,24280
Phenylenediamine,TRI,83
Butadiene,TRI,1446
Dichloro-2-butene,TRI,3170
Dioxane,TRI,503266
Bromopropane,TRI,10
4-Dichlorophenol,TRI,1257080
2-Ethoxyethanol,TRI,0
2-Methyllactonitrile,TRI,293279
2-Methylpyridine,TRI,42955
2-Nitrophenol,TRI,4323
Methylenedianiline,TRI,240000
4-Aminoazobenzene,TRI,1337
4-Aminobiphenyl,TRI,18
Acetaldehyde,TRI,254312
Acetamide,TRI,1213407
Acetonitrile,TRI,21188935
Acetophenone,TRI,479320
Acrolein,TRI,10050
Acrylamide,TRI,5343988
Acrylic acid,TRI,1150928
Acrylonitrile,TRI,7450454
Alachlor,TRI,0
Allyl alcohol,TRI,276509
Ammonia,TRI,28519578
Aniline,TRI,2757394
Anthracene,TRI,267
Antimony & Antimony Compounds,TRI,19214
Arsenic,TRI,140019
Atrazine,TRI,0
Barium & Barium Compounds,TRI,67904
Benzene,TRI,253910
Benzoperylene,PBT,284
Benzoyl peroxide,TRI,0
Beryllium & Beryllium Compounds,TRI,2751
Biphenyl,TRI,48730
Bis(2-chloroethyl) ether,TRI,2
Boron trifluoride,TRI,314893
Bromine,TRI,178
Bromomethane,TRI,210
Butyl acrylate,TRI,0
Butyraldehyde,TRI,32424
Cadmium,TRI,58588
Carbaryl,TRI,0
Carbon disulfide,TRI,1906
Carbon tetrachloride,TRI,14346
Carbonyl sulfide,TRI,1900
Certain glycol ethers,TRI,876632
Chlordane,PBT,0
Chlorine dioxide,TRI,244036
Chlorobenzene,TRI,92000
Chloroform,TRI,23462
Chloromethane,TRI,330813
Chlorophenols,TRI,542568
Chloroprene,TRI,3057
Chlorothalonil,TRI,250
Chromium,TRI,3112272
Cobalt,TRI,72482
Copper,TRI,772484
Creosote,TRI,0
Cresol,TRI,426808
Crotonaldehyde,TRI,2849
Cumene hydroperoxide,TRI,26672
Cyanide & Cyanide Compunds,TRI,5551903
Cyclohexane,TRI,96671
Cyclohexanol,TRI,1352997
Di(2-ethylhexyl) phthalate,TRI,10240
Diazinon,TRI,0
Dibenzofuran,TRI,3
Dibutyl phthalate,TRI,61993
Dicamba,TRI,72858
Dichlorobenzene (mixed isomers),TRI,0
Dichloromethane,TRI,558097
Dicyclopentadiene,TRI,81437
Diethanolamine,TRI,839200
Diisocyanates,TRI,1064
Dimethyl phthalate,TRI,23797
Dimethylamine,TRI,26954
Dinitrobutyl phenol,TRI,68681
Dioxin & dioxin-like Compunds,Dioxin,0
Diphenylamine,TRI,864
Epichlorohydrin,TRI,23794
Ethyl acrylate,TRI,2839
Ethylbenzene,TRI,531386
Ethylene oxide,TRI,6962291
Formaldehyde,TRI,12935343
Formic acid,TRI,13402912
Heptachlor,PBT,0
Hexachlorobenzene,PBT,0
Hexachloroethane,TRI,202
Hexafluoropropylene oxide dimer acid,TRI,6593
Hydrochloric acid,TRI,677
Hydrogen cyanide,TRI,621638
Hydrogen fluoride,TRI,557723
Hydrogen sulfide,TRI,9339597
Hydroquinone,TRI,329096
Isobutyraldehyde,TRI,212939
Lead & Lead Compunds,PBT,408082
Lindane,TRI,0
Malathion,TRI,0
Maleic anhydride,TRI,59333
Manganese & Manganese Compunds,TRI,9198604
Mercury,PBT,740
Methacrylonitrile,TRI,35334
Methanol,TRI,15169526
Methoxychlor,PBT,0
Methyl acrylate,TRI,230
Methyl iodide,TRI,0
Methyl isobutyl ketone,TRI,29203
Methyl methacrylate,TRI,2262167
Methyl parathion,TRI,80631
Methyl tert-butyl ether,TRI,21946
Methylene bromide,TRI,7076
Molybdenum trioxide,TRI,279392
N-Dimethylformamide,TRI,788111
N-Methyl-2-pyrrolidone,TRI,5383535
Naphthalene,TRI,457263
Nickel & Nickel Compounds,TRI,566613
Nicotine & salts,TRI,0
Nitrate & Nitrate Compunds,TRI,34138341
Nitric acid,TRI,7426541
Nitrilotriacetic acid,TRI,1780
Nitrobenzene,TRI,283215
Nonylphenol Ethoxylates,TRI,394
Paraquat dichloride,TRI,262
Parathion,TRI,0
Pendimethalin,PBT,0
Pentachlorobenzene,PBT,23
Pentachloroethane,TRI,0
Peracetic acid,TRI,391
Perfluorooctanoic acid,TRI,288
Permethrin,TRI,1100
Phenanthrene,TRI,274
Phenol,TRI,1356879
Phthalic anhydride,TRI,36741
Picric acid,TRI,80469
Polychlorinated biphenyls,PBT,0
Polycyclic aromatic Compunds,PBT,20017
Propachlor,TRI,0
Propargyl alcohol,TRI,0
Propionaldehyde,TRI,129052
Propylene,TRI,49546
Pyridine,TRI,528054
Selenium Compunds,TRI,25175
Silver & Silver Compounds,TRI,9421
Sodium dicamba,TRI,1
Sodium nitrite,TRI,1413713
Styrene,TRI,198566
Tetrachloroethylene,TRI,3
Thallium Compunds,TRI,15
Toluene diisocyanate,TRI,233615
Toxaphene,PBT,34
Trichloroethylene,TRI,0
Triethylamine,TRI,433
Urethane,TRI,0
Vanadium Compunds,TRI,1500415
Vinyl acetate,TRI,146856
Vinyl chloride,TRI,0
Vinylidene chloride,TRI,0
Warfarin & salts,TRI,0
Xylene,TRI,314383
Zinc & Zinc Compounds,TRI,8224795
m-Cresol,TRI,587226
n-Butyl alcohol,TRI,754292
n-Hexane,TRI,252390
o-Cresol,TRI,202537
o-Xylene,TRI,30175
p-Cresol,TRI,293615
sec-Butyl alcohol,TRI,20
tert-Butyl alcohol,TRI,300339
Other,TRI,33
